Epoch,Train Accuracy

0,0.9109636545181274

1,0.9166908860206604

